Method,peak,cost,carbon_avg,renew_pct,overload,peak_red%,cost_sav%,co2_sav%
🔴 Baseline,531.9502012252808,7451.8,695.9749140094737,15.54,4,0.0,0.0,0.0
🔵 Classical,441.3452991485596,7517.1,746.0360698994369,9.27,1,17.03,-0.88,-7.19
🟢 Hybrid Quantum-AI,441.3452991485596,7517.1,746.0360698994369,9.27,1,17.03,-0.88,-7.19
