Method,peak,cost,carbon_avg,renew_pct,overload,peak_red%,cost_sav%,co2_sav%
🔴 Baseline,207872.0625,4224.75,819.77294921875,0.03,24.0,0.0,0.0,0.0
🔵 Classical,207872.0625,6159.9,819.7730102539062,0.03,24.0,0.0,-45.81,-0.0
🟢 Hybrid Quantum-AI,207872.0625,6159.9,819.7730102539062,0.03,24.0,0.0,-45.81,-0.0
